{
  "project_info": {
    "project_number": "33705865636",
    "project_id": "nutriguide-e50ac",
    "storage_bucket": "nutriguide-e50ac.appspot.com"
  },
  "client": [
    {
      "client_info": {
        "mobilesdk_app_id": "1:33705865636:android:09a85ed29493274c2a1131",
        "android_client_info": {
          "package_name": "com.example.fuud"
        }
      },
      "oauth_client": [],
      "api_key": [
        {
          "current_key": "AIzaSyAMCSnB7pFhob3axWTfgpmNup7XVJh5Tcg"
        }
      ],
      "services": {
        "appinvite_service": {
          "other_platform_oauth_client": []
        }
      }
    }
  ],
  "configuration_version": "1"
}