{"flutter":{"platforms":{"android":{"default":{"projectId":"nutriguide-e50ac","appId":"1:33705865636:android:09a85ed29493274c2a1131","fileOutput":"android/app/google-services.json"}},"ios":{"default":{"projectId":"nutriguide-e50ac","appId":"1:33705865636:ios:41bacb75eea26c202a1131","uploadDebugSymbols":false,"fileOutput":"ios/Runner/GoogleService-Info.plist"}},"macos":{"default":{"projectId":"nutriguide-e50ac","appId":"1:33705865636:ios:a06501a6c6bee90b2a1131","uploadDebugSymbols":false,"fileOutput":"macos/Runner/GoogleService-Info.plist"}},"dart":{"lib/firebase_options.dart":{"projectId":"nutriguide-e50ac","configurations":{"android":"1:33705865636:android:09a85ed29493274c2a1131","ios":"1:33705865636:ios:41bacb75eea26c202a1131","macos":"1:33705865636:ios:a06501a6c6bee90b2a1131","web":"1:33705865636:web:9899bb095d71f00d2a1131","windows":"1:33705865636:web:23225da74db2ff052a1131"}}}}}}